{
    "sign": "asthama",
    "frame": 50,
    "hands": [],
    "face": [
        [
            0.4992256462574005,
            0.6378285884857178,
            -0.05991159379482269
        ],
        [
            0.49946361780166626,
            0.6225926280021667,
            -0.061798691749572754
        ],
        [
            0.4908929467201233,
            0.45205527544021606,
            0.019628169015049934
        ],
        [
            0.4882483184337616,
            0.8370237946510315,
            -0.01880171149969101
        ],
        [
            0.4935462176799774,
            0.7135950326919556,
            -0.034449975937604904
        ],
        [
            0.4938037097454071,
            0.7209946513175964,
            -0.034425217658281326
        ],
        [
            0.5335763096809387,
            0.7262123823165894,
            -0.004267681390047073
        ],
        [
            0.44463014602661133,
            0.7235010266304016,
            -0.019870812073349953
        ],
        [
            0.4912242293357849,
            0.8047004342079163,
            -0.03363325819373131
        ]
    ]
}