{
    "sign": "asthama",
    "frame": 40,
    "hands": [],
    "face": [
        [
            0.49748164415359497,
            0.6474037170410156,
            -0.06007618084549904
        ],
        [
            0.4977665841579437,
            0.6321119070053101,
            -0.06245551258325577
        ],
        [
            0.490347295999527,
            0.4573858380317688,
            0.01126038283109665
        ],
        [
            0.48684072494506836,
            0.8417425751686096,
            -0.011726594530045986
        ],
        [
            0.49207621812820435,
            0.7208757400512695,
            -0.03149929270148277
        ],
        [
            0.4923102557659149,
            0.7279447317123413,
            -0.03092685341835022
        ],
        [
            0.5328353047370911,
            0.7314301133155823,
            -0.0008963380823843181
        ],
        [
            0.44274401664733887,
            0.7289396524429321,
            -0.015339555218815804
        ],
        [
            0.4896191358566284,
            0.8105257749557495,
            -0.02788080833852291
        ]
    ]
}