{
    "sign": "asthama",
    "frame": 80,
    "hands": [],
    "face": [
        [
            0.47299888730049133,
            0.5978517532348633,
            -0.05800448730587959
        ],
        [
            0.4731072783470154,
            0.5832343697547913,
            -0.05832421034574509
        ],
        [
            0.4677584767341614,
            0.43193668127059937,
            0.04513624310493469
        ],
        [
            0.46625787019729614,
            0.8021615147590637,
            -0.04256713017821312
        ],
        [
            0.4699479043483734,
            0.6750321984291077,
            -0.04275165870785713
        ],
        [
            0.4703279435634613,
            0.6828480958938599,
            -0.04464762285351753
        ],
        [
            0.5105283856391907,
            0.6940728425979614,
            -0.01836971566081047
        ],
        [
            0.4244529902935028,
            0.6916833519935608,
            -0.027899274602532387
        ],
        [
            0.4684944152832031,
            0.7673206329345703,
            -0.05288252234458923
        ]
    ]
}