{
    "sign": "asthama",
    "frame": 60,
    "hands": [],
    "face": [
        [
            0.5015073418617249,
            0.6270520687103271,
            -0.05954715609550476
        ],
        [
            0.501657247543335,
            0.6119306683540344,
            -0.06091100350022316
        ],
        [
            0.4913915991783142,
            0.4473491311073303,
            0.028245529159903526
        ],
        [
            0.49103906750679016,
            0.8312377333641052,
            -0.026667598634958267
        ],
        [
            0.49591147899627686,
            0.7052842378616333,
            -0.03730190172791481
        ],
        [
            0.49618715047836304,
            0.7127760648727417,
            -0.03798200190067291
        ],
        [
            0.5356009602546692,
            0.7199375033378601,
            -0.007644721306860447
        ],
        [
            0.4470854699611664,
            0.7171971797943115,
            -0.023860756307840347
        ],
        [
            0.49407991766929626,
            0.7976024746894836,
            -0.04008866846561432
        ]
    ]
}