{
    "sign": "asthama",
    "frame": 30,
    "hands": [],
    "face": [
        [
            0.47225362062454224,
            0.6491376161575317,
            -0.060056231915950775
        ],
        [
            0.4724283814430237,
            0.6341236233711243,
            -0.0624232180416584
        ],
        [
            0.4680462181568146,
            0.4632306396961212,
            0.01169296633452177
        ],
        [
            0.46584373712539673,
            0.8418982028961182,
            -0.013396837748587132
        ],
        [
            0.4690152406692505,
            0.7220894694328308,
            -0.03140370920300484
        ],
        [
            0.4694007635116577,
            0.7283019423484802,
            -0.03134722635149956
        ],
        [
            0.5130109786987305,
            0.732064425945282,
            -0.0031404304318130016
        ],
        [
            0.42012566328048706,
            0.7294777035713196,
            -0.012244870886206627
        ],
        [
            0.46761855483055115,
            0.8105726838111877,
            -0.029569117352366447
        ]
    ]
}