{
    "sign": "asthama",
    "frame": 70,
    "hands": [],
    "face": [
        [
            0.4992637634277344,
            0.6166821122169495,
            -0.05831505358219147
        ],
        [
            0.4994374215602875,
            0.6017634868621826,
            -0.05929350480437279
        ],
        [
            0.4902206361293793,
            0.44028937816619873,
            0.03406326100230217
        ],
        [
            0.48893865942955017,
            0.8201014995574951,
            -0.03182537853717804
        ],
        [
            0.4940813481807709,
            0.693701982498169,
            -0.03883935883641243
        ],
        [
            0.49422648549079895,
            0.701339840888977,
            -0.0399065800011158
        ],
        [
            0.5327639579772949,
            0.7107255458831787,
            -0.011373946443200111
        ],
        [
            0.447211354970932,
            0.7071513533592224,
            -0.02619035914540291
        ],
        [
            0.49199438095092773,
            0.7857651710510254,
            -0.04401050880551338
        ]
    ]
}