{
    "sign": "asthama",
    "frame": 20,
    "hands": [],
    "face": [
        [
            0.43151408433914185,
            0.6354756951332092,
            -0.059607237577438354
        ],
        [
            0.43153610825538635,
            0.6206009387969971,
            -0.061873774975538254
        ],
        [
            0.4334242045879364,
            0.45771774649620056,
            0.012789512053132057
        ],
        [
            0.43181681632995605,
            0.8328844308853149,
            -0.015180571004748344
        ],
        [
            0.4316389262676239,
            0.7100878953933716,
            -0.031307995319366455
        ],
        [
            0.4320511221885681,
            0.7161293029785156,
            -0.03132926672697067
        ],
        [
            0.4791524112224579,
            0.7195634841918945,
            -0.008070006035268307
        ],
        [
            0.38506779074668884,
            0.7180654406547546,
            -0.0068654343485832214
        ],
        [
            0.4316597878932953,
            0.7997324466705322,
            -0.030901411548256874
        ]
    ]
}