{
    "sign": "asthama",
    "frame": 90,
    "hands": [],
    "face": [
        [
            0.44219839572906494,
            0.5764763951301575,
            -0.05687445029616356
        ],
        [
            0.4422264099121094,
            0.5622239708900452,
            -0.05655867978930473
        ],
        [
            0.44210076332092285,
            0.4239460229873657,
            0.05464770644903183
        ],
        [
            0.4401716887950897,
            0.7821784019470215,
            -0.0528520792722702
        ],
        [
            0.4418392479419708,
            0.6540603041648865,
            -0.04540717974305153
        ],
        [
            0.4421023726463318,
            0.6605152487754822,
            -0.04801907017827034
        ],
        [
            0.48411157727241516,
            0.6746218800544739,
            -0.026461699977517128
        ],
        [
            0.39976614713668823,
            0.6726811528205872,
            -0.027648216113448143
        ],
        [
            0.44108861684799194,
            0.7446702122688293,
            -0.06134886294603348
        ]
    ]
}