{
    "sign": "cancer",
    "frame": 10,
    "hands": [],
    "face": [
        [
            0.4631916880607605,
            0.6083722114562988,
            -0.06501512229442596
        ],
        [
            0.4630946218967438,
            0.5918315052986145,
            -0.06739378720521927
        ],
        [
            0.4525166153907776,
            0.39982908964157104,
            0.01548746693879366
        ],
        [
            0.4582385718822479,
            0.8169676065444946,
            -0.014350581914186478
        ],
        [
            0.46012407541275024,
            0.6885104179382324,
            -0.03586724027991295
        ],
        [
            0.46054497361183167,
            0.6979860067367554,
            -0.034683361649513245
        ],
        [
            0.503497838973999,
            0.7014826536178589,
            -0.005586621817201376
        ],
        [
            0.4098478853702545,
            0.7031159400939941,
            -0.017710311338305473
        ],
        [
            0.4599815309047699,
            0.7846689820289612,
            -0.03136342763900757
        ]
    ]
}