{
    "sign": "cancer",
    "frame": 30,
    "hands": [],
    "face": [
        [
            0.4322828948497772,
            0.5977150797843933,
            -0.06434677541255951
        ],
        [
            0.43252500891685486,
            0.5817385911941528,
            -0.06688202917575836
        ],
        [
            0.4340153932571411,
            0.39703649282455444,
            0.010719791054725647
        ],
        [
            0.4274376332759857,
            0.8037106394767761,
            -0.012423848733305931
        ],
        [
            0.4304490089416504,
            0.6763750910758972,
            -0.033663470298051834
        ],
        [
            0.43050259351730347,
            0.6844443678855896,
            -0.032967254519462585
        ],
        [
            0.47701066732406616,
            0.6895042657852173,
            -0.008609573356807232
        ],
        [
            0.3826063871383667,
            0.6866867542266846,
            -0.008916882798075676
        ],
        [
            0.4283852279186249,
            0.7708298563957214,
            -0.029637016355991364
        ]
    ]
}