{
    "sign": "cancer",
    "frame": 0,
    "hands": [],
    "face": [
        [
            0.462283730506897,
            0.6106034517288208,
            -0.06580916047096252
        ],
        [
            0.46236202120780945,
            0.5941470861434937,
            -0.06826457381248474
        ],
        [
            0.4520642161369324,
            0.4090036153793335,
            0.01572873443365097
        ],
        [
            0.45479512214660645,
            0.8164955973625183,
            -0.013935220427811146
        ],
        [
            0.4586814343929291,
            0.6904067397117615,
            -0.035713713616132736
        ],
        [
            0.4589684009552002,
            0.70074862241745,
            -0.035393279045820236
        ],
        [
            0.5023919343948364,
            0.7023174166679382,
            -0.0050104884430766106
        ],
        [
            0.4071091115474701,
            0.7023196816444397,
            -0.017604880034923553
        ],
        [
            0.4570362865924835,
            0.7841941714286804,
            -0.03118755668401718
        ]
    ]
}