{
    "sign": "cancer",
    "frame": 20,
    "hands": [],
    "face": [
        [
            0.46056807041168213,
            0.60401850938797,
            -0.06548108905553818
        ],
        [
            0.460403174161911,
            0.5875740051269531,
            -0.0676787868142128
        ],
        [
            0.44877609610557556,
            0.3994085192680359,
            0.01934787631034851
        ],
        [
            0.4562327563762665,
            0.816375195980072,
            -0.017160741612315178
        ],
        [
            0.45759740471839905,
            0.6853158473968506,
            -0.037456102669239044
        ],
        [
            0.458000123500824,
            0.695851743221283,
            -0.036355674266815186
        ],
        [
            0.5006859302520752,
            0.6998645663261414,
            -0.007559163495898247
        ],
        [
            0.4076721966266632,
            0.7013023495674133,
            -0.01977119967341423
        ],
        [
            0.4578668475151062,
            0.7830682992935181,
            -0.03361082077026367
        ]
    ]
}