{
    "sign": "cold",
    "frame": 0,
    "hands": [],
    "face": [
        [
            0.4297156035900116,
            0.4377632737159729,
            -0.06439631432294846
        ],
        [
            0.4300873875617981,
            0.42166632413864136,
            -0.06660160422325134
        ],
        [
            0.4285947382450104,
            0.2456131875514984,
            0.01668449491262436
        ],
        [
            0.4212231934070587,
            0.6497820615768433,
            -0.014065563678741455
        ],
        [
            0.42604362964630127,
            0.5191757678985596,
            -0.03593684732913971
        ],
        [
            0.42621615529060364,
            0.5326377749443054,
            -0.03492653742432594
        ],
        [
            0.46969324350357056,
            0.5343695282936096,
            -0.007265623193234205
        ],
        [
            0.37708356976509094,
            0.5317211747169495,
            -0.01538912020623684
        ],
        [
            0.42322301864624023,
            0.616680920124054,
            -0.03031851351261139
        ]
    ]
}