{
    "sign": "cold",
    "frame": 10,
    "hands": [],
    "face": [
        [
            0.45772480964660645,
            0.44183120131492615,
            -0.06371565908193588
        ],
        [
            0.4581347405910492,
            0.42577242851257324,
            -0.0659649446606636
        ],
        [
            0.4495776295661926,
            0.24254575371742249,
            0.01681622304022312
        ],
        [
            0.4437861442565918,
            0.6512696743011475,
            -0.015401831828057766
        ],
        [
            0.45049041509628296,
            0.5208702683448792,
            -0.03573979437351227
        ],
        [
            0.45079994201660156,
            0.5294654965400696,
            -0.03504575788974762
        ],
        [
            0.49055927991867065,
            0.5347190499305725,
            -0.0032587535679340363
        ],
        [
            0.3998129367828369,
            0.5316911339759827,
            -0.020881222561001778
        ],
        [
            0.44728848338127136,
            0.6179856061935425,
            -0.03166792169213295
        ]
    ]
}