{
    "sign": "cold",
    "frame": 20,
    "hands": [],
    "face": [
        [
            0.4609844982624054,
            0.443590372800827,
            -0.0635010302066803
        ],
        [
            0.46153804659843445,
            0.4275141656398773,
            -0.06578583270311356
        ],
        [
            0.45439836382865906,
            0.24452801048755646,
            0.015952972695231438
        ],
        [
            0.445464551448822,
            0.653945803642273,
            -0.013861340470612049
        ],
        [
            0.45334768295288086,
            0.5223666429519653,
            -0.03556201234459877
        ],
        [
            0.4536251425743103,
            0.532031238079071,
            -0.03462943807244301
        ],
        [
            0.4928387999534607,
            0.5370593070983887,
            -0.0024504733737558126
        ],
        [
            0.4029434323310852,
            0.5328885316848755,
            -0.021473051980137825
        ],
        [
            0.4494166374206543,
            0.620730996131897,
            -0.03017006628215313
        ]
    ]
}