{
    "sign": "cold",
    "frame": 30,
    "hands": [],
    "face": [
        [
            0.4478249251842499,
            0.4434119760990143,
            -0.06277628988027573
        ],
        [
            0.44842329621315,
            0.42763790488243103,
            -0.06480889767408371
        ],
        [
            0.4429853856563568,
            0.24813589453697205,
            0.01936519518494606
        ],
        [
            0.43285977840423584,
            0.6501114368438721,
            -0.01807357370853424
        ],
        [
            0.4403626024723053,
            0.5202404856681824,
            -0.0362975187599659
        ],
        [
            0.44047844409942627,
            0.5290986895561218,
            -0.03612259775400162
        ],
        [
            0.48069527745246887,
            0.5362913012504578,
            -0.005181565415114164
        ],
        [
            0.39044228196144104,
            0.5298605561256409,
            -0.02100888453423977
        ],
        [
            0.43642333149909973,
            0.6171343326568604,
            -0.033677879720926285
        ]
    ]
}