{
    "sign": "cough",
    "frame": 0,
    "hands": [],
    "face": [
        [
            0.463217556476593,
            0.6232529878616333,
            -0.06391935050487518
        ],
        [
            0.4630325734615326,
            0.606839656829834,
            -0.06547512859106064
        ],
        [
            0.45319700241088867,
            0.4271302819252014,
            0.02831757441163063
        ],
        [
            0.45941999554634094,
            0.8363912105560303,
            -0.0263688825070858
        ],
        [
            0.46196991205215454,
            0.706204891204834,
            -0.03958529233932495
        ],
        [
            0.4625612497329712,
            0.714314341545105,
            -0.03973092883825302
        ],
        [
            0.50487220287323,
            0.7196497917175293,
            -0.011510051786899567
        ],
        [
            0.4139232039451599,
            0.723840594291687,
            -0.022849775850772858
        ],
        [
            0.4612717926502228,
            0.801633894443512,
            -0.04114481061697006
        ]
    ]
}