{
    "sign": "cough",
    "frame": 10,
    "hands": [],
    "face": [
        [
            0.46364593505859375,
            0.6205145120620728,
            -0.06378059834241867
        ],
        [
            0.4634177088737488,
            0.6041389107704163,
            -0.06537692993879318
        ],
        [
            0.45160454511642456,
            0.4256833493709564,
            0.027092942968010902
        ],
        [
            0.4603481590747833,
            0.8415510654449463,
            -0.025532502681016922
        ],
        [
            0.46109136939048767,
            0.7052798271179199,
            -0.039588168263435364
        ],
        [
            0.4614885747432709,
            0.7125695943832397,
            -0.03945654630661011
        ],
        [
            0.5042015314102173,
            0.7202507257461548,
            -0.010836032219231129
        ],
        [
            0.41213086247444153,
            0.7235058546066284,
            -0.02280348166823387
        ],
        [
            0.461725115776062,
            0.8050907850265503,
            -0.040452178567647934
        ]
    ]
}