{
    "sign": "cough",
    "frame": 30,
    "hands": [],
    "face": [
        [
            0.4646185040473938,
            0.6216936111450195,
            -0.0639338567852974
        ],
        [
            0.46434566378593445,
            0.6052901744842529,
            -0.06551998108625412
        ],
        [
            0.45155832171440125,
            0.4264453649520874,
            0.027302250266075134
        ],
        [
            0.46128711104393005,
            0.8429694175720215,
            -0.025502251461148262
        ],
        [
            0.46207568049430847,
            0.7065520882606506,
            -0.0395750068128109
        ],
        [
            0.46243470907211304,
            0.7141051888465881,
            -0.03934744745492935
        ],
        [
            0.5050151348114014,
            0.7212235331535339,
            -0.010527051985263824
        ],
        [
            0.4129870533943176,
            0.7246895432472229,
            -0.023130768910050392
        ],
        [
            0.46273675560951233,
            0.8063393235206604,
            -0.040369387716054916
        ]
    ]
}