{
    "sign": "cough",
    "frame": 20,
    "hands": [],
    "face": [
        [
            0.46437835693359375,
            0.6218458414077759,
            -0.06407633423805237
        ],
        [
            0.4640929698944092,
            0.605526864528656,
            -0.06567205488681793
        ],
        [
            0.4513613283634186,
            0.4269638955593109,
            0.027187716215848923
        ],
        [
            0.4613644480705261,
            0.8441112637519836,
            -0.02519490011036396
        ],
        [
            0.4619537591934204,
            0.7073699831962585,
            -0.039878085255622864
        ],
        [
            0.46236753463745117,
            0.7151365876197815,
            -0.03961518779397011
        ],
        [
            0.5048854351043701,
            0.7222700119018555,
            -0.010867312550544739
        ],
        [
            0.41297948360443115,
            0.7260324358940125,
            -0.023264534771442413
        ],
        [
            0.4627421498298645,
            0.8077511787414551,
            -0.0401267372071743
        ]
    ]
}