{
    "sign": "cough",
    "frame": 50,
    "hands": [],
    "face": [
        [
            0.421098530292511,
            0.6202529072761536,
            -0.06497595459222794
        ],
        [
            0.4206792712211609,
            0.6041210293769836,
            -0.06692549586296082
        ],
        [
            0.41585153341293335,
            0.4289112687110901,
            0.02081267721951008
        ],
        [
            0.42608606815338135,
            0.8458167314529419,
            -0.019423693418502808
        ],
        [
            0.42339929938316345,
            0.7075753808021545,
            -0.037846315652132034
        ],
        [
            0.42377978563308716,
            0.7179951071739197,
            -0.03688311576843262
        ],
        [
            0.4706146717071533,
            0.7210252285003662,
            -0.01327661145478487
        ],
        [
            0.37758827209472656,
            0.7257556915283203,
            -0.01406642235815525
        ],
        [
            0.42540302872657776,
            0.8093407154083252,
            -0.0350848026573658
        ]
    ]
}