{
    "sign": "cough",
    "frame": 40,
    "hands": [],
    "face": [
        [
            0.45210888981819153,
            0.6174354553222656,
            -0.06404229998588562
        ],
        [
            0.4518348276615143,
            0.6012617349624634,
            -0.0656244158744812
        ],
        [
            0.44167762994766235,
            0.42369067668914795,
            0.027597645297646523
        ],
        [
            0.4503174424171448,
            0.8349058032035828,
            -0.02630869671702385
        ],
        [
            0.4507308304309845,
            0.7005014419555664,
            -0.039861779659986496
        ],
        [
            0.4510997533798218,
            0.7080439925193787,
            -0.039853036403656006
        ],
        [
            0.4951511025428772,
            0.7155287861824036,
            -0.01256302185356617
        ],
        [
            0.4021511375904083,
            0.7190638780593872,
            -0.021399104967713356
        ],
        [
            0.45135074853897095,
            0.7992944121360779,
            -0.04118478670716286
        ]
    ]
}