{
    "sign": "headache",
    "frame": 50,
    "hands": [],
    "face": [
        [
            0.4695417284965515,
            0.6276167631149292,
            -0.06203912943601608
        ],
        [
            0.46932148933410645,
            0.6117532849311829,
            -0.06445800513029099
        ],
        [
            0.45716971158981323,
            0.431792289018631,
            0.011024401523172855
        ],
        [
            0.4666983485221863,
            0.838813066482544,
            -0.010177292861044407
        ],
        [
            0.46698349714279175,
            0.7090693712234497,
            -0.03311753273010254
        ],
        [
            0.46745970845222473,
            0.7173889875411987,
            -0.03203978389501572
        ],
        [
            0.508517861366272,
            0.7194429039955139,
            -0.00317417667247355
        ],
        [
            0.41908738017082214,
            0.7239305973052979,
            -0.015649985522031784
        ],
        [
            0.46789050102233887,
            0.805675745010376,
            -0.026898246258497238
        ]
    ]
}