{
    "sign": "headache",
    "frame": 10,
    "hands": [],
    "face": [
        [
            0.4843030869960785,
            0.6262590289115906,
            -0.05843782797455788
        ],
        [
            0.4844179153442383,
            0.6111673712730408,
            -0.06065306067466736
        ],
        [
            0.47380906343460083,
            0.4401666522026062,
            0.01170867495238781
        ],
        [
            0.47553563117980957,
            0.8255261778831482,
            -0.011760435067117214
        ],
        [
            0.47910749912261963,
            0.7029109001159668,
            -0.03148244693875313
        ],
        [
            0.47937628626823425,
            0.7099186778068542,
            -0.030989421531558037
        ],
        [
            0.5183138847351074,
            0.713376522064209,
            -0.0008375877514481544
        ],
        [
            0.4312720000743866,
            0.7139654755592346,
            -0.016613712534308434
        ],
        [
            0.4779481887817383,
            0.7940473556518555,
            -0.02740083634853363
        ]
    ]
}