{
    "sign": "headache",
    "frame": 0,
    "hands": [],
    "face": [
        [
            0.49567529559135437,
            0.6276277899742126,
            -0.06112051010131836
        ],
        [
            0.4957863688468933,
            0.6121376156806946,
            -0.06318006664514542
        ],
        [
            0.49053624272346497,
            0.44270801544189453,
            0.01643296889960766
        ],
        [
            0.48859500885009766,
            0.8302936553955078,
            -0.014249466359615326
        ],
        [
            0.49326032400131226,
            0.7055202126502991,
            -0.034311313182115555
        ],
        [
            0.4937213957309723,
            0.7154006958007812,
            -0.03329356759786606
        ],
        [
            0.5342068076133728,
            0.71820467710495,
            -0.005470896605402231
        ],
        [
            0.4472743570804596,
            0.7204157114028931,
            -0.01754210703074932
        ],
        [
            0.4909910559654236,
            0.797765851020813,
            -0.03002616949379444
        ]
    ]
}