{
    "sign": "headache",
    "frame": 30,
    "hands": [],
    "face": [
        [
            0.4725169539451599,
            0.6293556094169617,
            -0.06196463108062744
        ],
        [
            0.47222772240638733,
            0.6134824752807617,
            -0.0643395185470581
        ],
        [
            0.4582099914550781,
            0.43341267108917236,
            0.011750772595405579
        ],
        [
            0.47029075026512146,
            0.8439672589302063,
            -0.011238537728786469
        ],
        [
            0.469969242811203,
            0.7128543853759766,
            -0.033253975212574005
        ],
        [
            0.4706214666366577,
            0.7206602692604065,
            -0.03242750093340874
        ],
        [
            0.5119513273239136,
            0.7220398187637329,
            -0.0017633293755352497
        ],
        [
            0.421078085899353,
            0.7270101308822632,
            -0.016944503411650658
        ],
        [
            0.4716183543205261,
            0.8101476430892944,
            -0.02788424678146839
        ]
    ]
}