{
    "sign": "headache",
    "frame": 20,
    "hands": [],
    "face": [
        [
            0.4735046923160553,
            0.6232812404632568,
            -0.05984614044427872
        ],
        [
            0.47329995036125183,
            0.6078935265541077,
            -0.06202736496925354
        ],
        [
            0.4599299728870392,
            0.4354848265647888,
            0.013360833749175072
        ],
        [
            0.469342976808548,
            0.831442654132843,
            -0.012515820562839508
        ],
        [
            0.4702802300453186,
            0.7037593126296997,
            -0.03300325199961662
        ],
        [
            0.4707793593406677,
            0.7119674682617188,
            -0.03221694007515907
        ],
        [
            0.5104413032531738,
            0.7139571905136108,
            -0.002559363842010498
        ],
        [
            0.4226061701774597,
            0.7178717851638794,
            -0.017355401068925858
        ],
        [
            0.4710165560245514,
            0.7985749840736389,
            -0.028231285512447357
        ]
    ]
}