{
    "sign": "headache",
    "frame": 60,
    "hands": [],
    "face": [
        [
            0.426552414894104,
            0.6261300444602966,
            -0.06260545551776886
        ],
        [
            0.4262818992137909,
            0.6107208728790283,
            -0.06538727879524231
        ],
        [
            0.4241333305835724,
            0.43431317806243896,
            0.005011115688830614
        ],
        [
            0.43032193183898926,
            0.8312355279922485,
            -0.007272662129253149
        ],
        [
            0.42854613065719604,
            0.7054416537284851,
            -0.03082822635769844
        ],
        [
            0.42875927686691284,
            0.7127256989479065,
            -0.029913214966654778
        ],
        [
            0.4755933880805969,
            0.7135350108146667,
            -0.006404200103133917
        ],
        [
            0.38298773765563965,
            0.7171179056167603,
            -0.005550379864871502
        ],
        [
            0.4297276437282562,
            0.7987497448921204,
            -0.024827755987644196
        ]
    ]
}