{
    "sign": "headache",
    "frame": 40,
    "hands": [],
    "face": [
        [
            0.4755203127861023,
            0.6312953233718872,
            -0.062020231038331985
        ],
        [
            0.47521549463272095,
            0.6154202222824097,
            -0.06452883780002594
        ],
        [
            0.4609721601009369,
            0.43406832218170166,
            0.00972984079271555
        ],
        [
            0.4734099507331848,
            0.8450502157211304,
            -0.009184514172375202
        ],
        [
            0.4727807641029358,
            0.7148758769035339,
            -0.032494042068719864
        ],
        [
            0.4734244644641876,
            0.7223007082939148,
            -0.03150526061654091
        ],
        [
            0.5142924189567566,
            0.7240493297576904,
            -0.0014683331828564405
        ],
        [
            0.4242764711380005,
            0.7295340299606323,
            -0.015956752002239227
        ],
        [
            0.4745655059814453,
            0.8113629817962646,
            -0.026219282299280167
        ]
    ]
}