{
    "sign": "running nose",
    "frame": 40,
    "hands": [],
    "face": [
        [
            0.4288148283958435,
            0.6354581117630005,
            -0.06161580979824066
        ],
        [
            0.42848634719848633,
            0.6199846863746643,
            -0.06359012424945831
        ],
        [
            0.4183500111103058,
            0.4468538165092468,
            0.018308866769075394
        ],
        [
            0.42938432097435,
            0.8494019508361816,
            -0.016552211716771126
        ],
        [
            0.4274495542049408,
            0.716740071773529,
            -0.03579190745949745
        ],
        [
            0.4280719459056854,
            0.7280731201171875,
            -0.0346183255314827
        ],
        [
            0.47009164094924927,
            0.7308599948883057,
            -0.008395177312195301
        ],
        [
            0.3808154761791229,
            0.734350323677063,
            -0.016728989779949188
        ],
        [
            0.4296891987323761,
            0.8155219554901123,
            -0.03170228376984596
        ]
    ]
}