{
    "sign": "running nose",
    "frame": 20,
    "hands": [],
    "face": [
        [
            0.449476420879364,
            0.6310677528381348,
            -0.06144235283136368
        ],
        [
            0.44919875264167786,
            0.6156933307647705,
            -0.06313718855381012
        ],
        [
            0.43597036600112915,
            0.4472928047180176,
            0.02306998148560524
        ],
        [
            0.4462350606918335,
            0.8482247591018677,
            -0.01984313502907753
        ],
        [
            0.4462049603462219,
            0.7145681977272034,
            -0.037420328706502914
        ],
        [
            0.4467349052429199,
            0.7264402508735657,
            -0.036237046122550964
        ],
        [
            0.4863196313381195,
            0.7295498847961426,
            -0.007815915159881115
        ],
        [
            0.39884260296821594,
            0.7330150008201599,
            -0.02150733955204487
        ],
        [
            0.4475594162940979,
            0.8138164281845093,
            -0.0341319777071476
        ]
    ]
}