{
    "sign": "running nose",
    "frame": 0,
    "hands": [],
    "face": [
        [
            0.4472249746322632,
            0.6337571144104004,
            -0.061741575598716736
        ],
        [
            0.4470563232898712,
            0.6182553172111511,
            -0.06313438713550568
        ],
        [
            0.4370112717151642,
            0.4525778591632843,
            0.028152674436569214
        ],
        [
            0.44283342361450195,
            0.8449968695640564,
            -0.024821026250720024
        ],
        [
            0.44545289874076843,
            0.7160161137580872,
            -0.03867848962545395
        ],
        [
            0.4459607005119324,
            0.7283464074134827,
            -0.03835488483309746
        ],
        [
            0.48711714148521423,
            0.7301480174064636,
            -0.00967510137706995
        ],
        [
            0.3978395462036133,
            0.7343980669975281,
            -0.022514982149004936
        ],
        [
            0.4447552561759949,
            0.8114476799964905,
            -0.038555730134248734
        ]
    ]
}