{
    "sign": "running nose",
    "frame": 30,
    "hands": [],
    "face": [
        [
            0.4502728283405304,
            0.6309530138969421,
            -0.06152784079313278
        ],
        [
            0.44997847080230713,
            0.6155708432197571,
            -0.06314118206501007
        ],
        [
            0.4364989697933197,
            0.4469028413295746,
            0.024508610367774963
        ],
        [
            0.44708484411239624,
            0.8481413125991821,
            -0.020819824188947678
        ],
        [
            0.4469870626926422,
            0.7142200469970703,
            -0.037866391241550446
        ],
        [
            0.4475526213645935,
            0.7271165251731873,
            -0.03662663698196411
        ],
        [
            0.48697829246520996,
            0.7301804423332214,
            -0.008451557718217373
        ],
        [
            0.39974743127822876,
            0.7333719730377197,
            -0.022006379440426826
        ],
        [
            0.448391854763031,
            0.8137538433074951,
            -0.03483076021075249
        ]
    ]
}