{
    "sign": "running nose",
    "frame": 10,
    "hands": [],
    "face": [
        [
            0.4487941861152649,
            0.630207359790802,
            -0.061198994517326355
        ],
        [
            0.44851037859916687,
            0.6148813962936401,
            -0.06278154999017715
        ],
        [
            0.4356343448162079,
            0.44808679819107056,
            0.0247778482735157
        ],
        [
            0.445982426404953,
            0.8476172685623169,
            -0.0211455300450325
        ],
        [
            0.44577285647392273,
            0.7136939167976379,
            -0.03795067220926285
        ],
        [
            0.44634580612182617,
            0.7265437841415405,
            -0.03656339645385742
        ],
        [
            0.48579323291778564,
            0.7295706868171692,
            -0.008632748387753963
        ],
        [
            0.39893457293510437,
            0.7329052686691284,
            -0.021883828565478325
        ],
        [
            0.44723063707351685,
            0.8131439089775085,
            -0.034953463822603226
        ]
    ]
}