{
    "sign": "sore throat",
    "frame": 50,
    "hands": [],
    "face": [
        [
            0.3621128499507904,
            0.5273435115814209,
            -0.05516402795910835
        ],
        [
            0.361991286277771,
            0.5130102634429932,
            -0.05420420691370964
        ],
        [
            0.36763912439346313,
            0.377058744430542,
            0.06467646360397339
        ],
        [
            0.36592304706573486,
            0.7498264908790588,
            -0.059282056987285614
        ],
        [
            0.36458519101142883,
            0.6106438040733337,
            -0.04853926971554756
        ],
        [
            0.3651694059371948,
            0.6203666925430298,
            -0.05111663416028023
        ],
        [
            0.40709519386291504,
            0.6329739689826965,
            -0.03562489524483681
        ],
        [
            0.32681047916412354,
            0.6351375579833984,
            -0.028626946732401848
        ],
        [
            0.36493945121765137,
            0.709252119064331,
            -0.0654335543513298
        ]
    ]
}