{
    "sign": "sore throat",
    "frame": 0,
    "hands": [],
    "face": [
        [
            0.43948274850845337,
            0.614942193031311,
            -0.06076880171895027
        ],
        [
            0.43944501876831055,
            0.6003143787384033,
            -0.061576008796691895
        ],
        [
            0.4287629723548889,
            0.45178282260894775,
            0.035735245794057846
        ],
        [
            0.4333776533603668,
            0.8286882638931274,
            -0.02754083462059498
        ],
        [
            0.436735063791275,
            0.6951083540916443,
            -0.04161165654659271
        ],
        [
            0.4373658299446106,
            0.7214354276657104,
            -0.03858933970332146
        ],
        [
            0.4759327173233032,
            0.7164058089256287,
            -0.011520068161189556
        ],
        [
            0.38996297121047974,
            0.7184651494026184,
            -0.025616656988859177
        ],
        [
            0.43565961718559265,
            0.7954241037368774,
            -0.03848976269364357
        ]
    ]
}