{
    "sign": "sore throat",
    "frame": 10,
    "hands": [],
    "face": [
        [
            0.4381042718887329,
            0.6107500791549683,
            -0.060244202613830566
        ],
        [
            0.4379485845565796,
            0.5960072875022888,
            -0.06106717884540558
        ],
        [
            0.42614707350730896,
            0.4383344054222107,
            0.0360766276717186
        ],
        [
            0.43183863162994385,
            0.8268746733665466,
            -0.029346834868192673
        ],
        [
            0.4342654347419739,
            0.6918296813964844,
            -0.04214562848210335
        ],
        [
            0.43439167737960815,
            0.7117472290992737,
            -0.040038082748651505
        ],
        [
            0.4721343219280243,
            0.7135106921195984,
            -0.01350020058453083
        ],
        [
            0.3883306086063385,
            0.7150230407714844,
            -0.02741668000817299
        ],
        [
            0.43390560150146484,
            0.7934011816978455,
            -0.040486399084329605
        ]
    ]
}