{
    "sign": "sore throat",
    "frame": 40,
    "hands": [],
    "face": [
        [
            0.39917072653770447,
            0.6079850792884827,
            -0.061612728983163834
        ],
        [
            0.39905819296836853,
            0.5930642485618591,
            -0.06281604617834091
        ],
        [
            0.3979504704475403,
            0.432489275932312,
            0.0316651314496994
        ],
        [
            0.3996235132217407,
            0.8205598592758179,
            -0.02796529419720173
        ],
        [
            0.3996999263763428,
            0.6887820959091187,
            -0.04035676643252373
        ],
        [
            0.3998194932937622,
            0.7047702074050903,
            -0.0394010990858078
        ],
        [
            0.44311827421188354,
            0.7071937918663025,
            -0.0182003453373909
        ],
        [
            0.35680851340293884,
            0.708114504814148,
            -0.01800798438489437
        ],
        [
            0.39974671602249146,
            0.7867172360420227,
            -0.04036886990070343
        ]
    ]
}