{
    "sign": "sore throat",
    "frame": 30,
    "hands": [],
    "face": [
        [
            0.435813844203949,
            0.6116309762001038,
            -0.06032313406467438
        ],
        [
            0.43560001254081726,
            0.5969923734664917,
            -0.06118547543883324
        ],
        [
            0.422862708568573,
            0.4391781985759735,
            0.03486383706331253
        ],
        [
            0.430340439081192,
            0.8265253305435181,
            -0.027302253991365433
        ],
        [
            0.4319893419742584,
            0.6918120384216309,
            -0.04190358147025108
        ],
        [
            0.4322054088115692,
            0.7148101925849915,
            -0.03880757465958595
        ],
        [
            0.4693785309791565,
            0.71415776014328,
            -0.012918952852487564
        ],
        [
            0.3863653242588043,
            0.7156720161437988,
            -0.0266780573874712
        ],
        [
            0.4321712255477905,
            0.7939385175704956,
            -0.038304246962070465
        ]
    ]
}