{
    "sign": "sore throat",
    "frame": 20,
    "hands": [],
    "face": [
        [
            0.4375070333480835,
            0.6125075221061707,
            -0.06025988608598709
        ],
        [
            0.437305212020874,
            0.5977072715759277,
            -0.06112552061676979
        ],
        [
            0.4245663583278656,
            0.4386628270149231,
            0.03518011420965195
        ],
        [
            0.43169304728507996,
            0.8276618719100952,
            -0.028673309832811356
        ],
        [
            0.433516263961792,
            0.6923092007637024,
            -0.04186509922146797
        ],
        [
            0.43369245529174805,
            0.7124915719032288,
            -0.039642639458179474
        ],
        [
            0.47132745385169983,
            0.71351158618927,
            -0.013065183535218239
        ],
        [
            0.3873312175273895,
            0.7150840163230896,
            -0.02691205032169819
        ],
        [
            0.4335746169090271,
            0.7942596077919006,
            -0.03987596184015274
        ]
    ]
}